{
  "horizon_steps": 7,
  "models": {
    "val": {
      "RF": {
        "rmse": 14.493038084107614,
        "mae": 2.980966816766487,
        "mape": 52.49523399438778,
        "r2": 0.9865773908885155,
        "rows": 35361,
        "items": 155
      },
      "LightGBM": {
        "rmse": 18.12506962808677,
        "mae": 3.354627529125374,
        "mape": 54.06516251742508,
        "r2": 0.9790068580021832,
        "rows": 35361,
        "items": 155
      },
      "XGBoost": {
        "rmse": 18.602890073725057,
        "mae": 3.4007127767976777,
        "mape": 53.77164275641838,
        "r2": 0.977885408794608,
        "rows": 35361,
        "items": 155
      }
    },
    "test": {
      "RF": {
        "rmse": 53.256784541291616,
        "mae": 7.563032706963897,
        "mape": 47.74027655925639,
        "r2": 0.90927210396121,
        "rows": 35328,
        "items": 155
      },
      "LightGBM": {
        "rmse": 60.316467601429196,
        "mae": 8.95201945007222,
        "mape": 53.28472912220709,
        "r2": 0.8836241797091813,
        "rows": 35328,
        "items": 155
      },
      "XGBoost": {
        "rmse": 61.09809177869931,
        "mae": 9.243638787666058,
        "mape": 51.82335294559063,
        "r2": 0.8805884737088666,
        "rows": 35328,
        "items": 155
      }
    }
  }
}