{
  "horizon_steps": 7,
  "models": {
    "val": {
      "RF": {
        "rmse": 14.383575338118899,
        "mae": 2.5995751696963563,
        "mape": 4.365215095246999,
        "r2": 0.9868798296559675,
        "rows": 35128,
        "items": 154
      },
      "LightGBM": {
        "rmse": 17.105030539556473,
        "mae": 2.979985408592743,
        "mape": 4.5639767271057465,
        "r2": 0.9814453196630645,
        "rows": 35128,
        "items": 154
      },
      "XGBoost": {
        "rmse": 19.11463431218973,
        "mae": 3.3229853105751674,
        "mape": 4.990774961144388,
        "r2": 0.9768293745770595,
        "rows": 35128,
        "items": 154
      }
    },
    "test": {
      "RF": {
        "rmse": 52.82123263131066,
        "mae": 7.259970829415059,
        "mape": 6.255547972200411,
        "r2": 0.9112561451579053,
        "rows": 35229,
        "items": 154
      },
      "LightGBM": {
        "rmse": 58.356621068575485,
        "mae": 8.46114910274632,
        "mape": 6.3361796537416275,
        "r2": 0.8916817832250883,
        "rows": 35229,
        "items": 154
      },
      "XGBoost": {
        "rmse": 61.75675731374174,
        "mae": 9.167507116843431,
        "mape": 7.930959674463516,
        "r2": 0.878691789882903,
        "rows": 35229,
        "items": 154
      }
    }
  }
}