{
  "split": "val",
  "models": [
    "xgb",
    "lgb",
    "rf"
  ],
  "metrics": {
    "XGBoost": {
      "rmse": 18.227621855677253,
      "mae": 3.138248804396763,
      "mape": 4.4899430153132665,
      "r2": 0.9789299391734575
    },
    "LightGBM": {
      "rmse": 16.430434782428296,
      "mae": 2.7765933672794882,
      "mape": 4.580124761772248,
      "r2": 0.9828799952590466
    },
    "RandomForest": {
      "rmse": 14.348273192494588,
      "mae": 2.5532808104963123,
      "mape": 4.2505125307700595,
      "r2": 0.9869441532702733
    }
  }
}