{
  "horizon_steps": 7,
  "models": {
    "val": {
      "RF": {
        "rmse": 14.3856765503605,
        "mae": 2.6036907238666105,
        "mape": 4.305587110737511,
        "r2": 0.9868755734950998,
        "rows": 35128,
        "items": 154
      },
      "LightGBM": {
        "rmse": 16.96813243035273,
        "mae": 2.939994469202492,
        "mape": 4.689502810160192,
        "r2": 0.9817405436601491,
        "rows": 35128,
        "items": 154
      },
      "XGBoost": {
        "rmse": 18.17194348353387,
        "mae": 3.1984055079025993,
        "mape": 4.712280356103346,
        "r2": 0.9790577901328437,
        "rows": 35128,
        "items": 154
      }
    },
    "test": {
      "RF": {
        "rmse": 51.74545023923004,
        "mae": 7.034026052023852,
        "mape": 6.027861742721937,
        "r2": 0.9154136238862597,
        "rows": 35089,
        "items": 154
      },
      "LightGBM": {
        "rmse": 57.605703535813944,
        "mae": 8.25474089113721,
        "mape": 6.114372282696125,
        "r2": 0.8951696468296093,
        "rows": 35089,
        "items": 154
      },
      "XGBoost": {
        "rmse": 62.000228370067546,
        "mae": 9.205255256044905,
        "mape": 6.499946436455872,
        "r2": 0.8785653411040891,
        "rows": 35089,
        "items": 154
      }
    }
  }
}