{
  "split": "val",
  "models": [
    "rf"
  ],
  "metrics": {
    "RandomForest": {
      "rmse": 15.846641486553953,
      "mae": 2.6604042952327402,
      "mape": 4.519632367657373,
      "r2": 0.9842071122210877
    }
  }
}