{
  "selection_split": "val",
  "horizon_steps": 7,
  "primary_metric": "mae",
  "tiebreaker": "rmse",
  "route": {
    "low": "LSTM-C",
    "mid": "LSTM-C",
    "high": "LSTM-D"
  },
  "group_results": {
    "low": {
      "LSTM-C": {
        "n": 19452,
        "mae": 0.0429217312217822,
        "rmse": 0.12398856011802596,
        "mape": 88.78979710725491,
        "r2": 0.8701354409436148
      },
      "LSTM-D": {
        "n": 19452,
        "mae": 0.04499086934850091,
        "rmse": 0.1264857004767157,
        "mape": 95.33754036691386,
        "r2": 0.8648517979049675
      }
    },
    "mid": {
      "LSTM-C": {
        "n": 10896,
        "mae": 1.0544049192666254,
        "rmse": 1.814278346753448,
        "mape": 9.761202790595268,
        "r2": 0.9952632393595713
      },
      "LSTM-D": {
        "n": 10896,
        "mae": 1.0725091287990993,
        "rmse": 1.8301237690518315,
        "mape": 10.963407762329226,
        "r2": 0.9951801388450181
      }
    },
    "high": {
      "LSTM-C": {
        "n": 4500,
        "mae": 15.818310371781694,
        "rmse": 30.224326974741484,
        "mape": 4.667071567086608,
        "r2": 0.9824062108838275
      },
      "LSTM-D": {
        "n": 4500,
        "mae": 15.728104507847748,
        "rmse": 29.71544237392517,
        "mape": 4.757739597131377,
        "r2": 0.9829936738323655
      }
    },
    "ALL": {
      "LSTM-C": {
        "n": 34848,
        "mae": 2.396295517363202,
        "rmse": 10.908774079612037,
        "mape": 53.21679927079139,
        "r2": 0.9924922536007941
      },
      "LSTM-D": {
        "n": 34848,
        "mae": 2.391462699244631,
        "rmse": 10.727577111445584,
        "mape": 57.259324907674426,
        "r2": 0.9927395926277298
      }
    }
  }
}