{
  "selection_split": "val",
  "horizon_steps": 7,
  "primary_metric": "mae",
  "tiebreaker": "rmse",
  "route": {
    "low": "LSTM-C",
    "mid": "LSTM-D",
    "high": "LSTM-D"
  },
  "group_results": {
    "low": {
      "LSTM-C": {
        "n": 18954,
        "mae": 0.006584231521242521,
        "rmse": 0.014854445928865168,
        "mape": 8.38838703095844,
        "r2": 0.9799970499881338
      },
      "LSTM-D": {
        "n": 18954,
        "mae": 0.006739332199324288,
        "rmse": 0.02799011320708176,
        "mape": 3.7708101679887585,
        "r2": 0.9289784011284224
      }
    },
    "mid": {
      "LSTM-C": {
        "n": 11445,
        "mae": 0.11679486099527282,
        "rmse": 0.49039393060532416,
        "mape": 5.630824057965868,
        "r2": 0.9978170694238652
      },
      "LSTM-D": {
        "n": 11445,
        "mae": 0.1075086939265648,
        "rmse": 0.4907209246837707,
        "mape": 5.490423159107189,
        "r2": 0.9978141573023654
      }
    },
    "high": {
      "LSTM-C": {
        "n": 4266,
        "mae": 16.81391705198479,
        "rmse": 32.5232270506881,
        "mape": 4.836114217909875,
        "r2": 0.9808830089843775
      },
      "LSTM-D": {
        "n": 4266,
        "mae": 16.624075229628914,
        "rmse": 30.585356000145644,
        "mape": 4.920857203971344,
        "r2": 0.9830932802522058
      }
    },
    "ALL": {
      "LSTM-C": {
        "n": 34665,
        "mae": 2.1113424160424534,
        "rmse": 11.412770002073158,
        "mape": 7.040794241506106,
        "r2": 0.9918398068270023
      },
      "LSTM-D": {
        "n": 34665,
        "mae": 2.0849986797661177,
        "rmse": 10.733196598145234,
        "mape": 4.480086710289412,
        "r2": 0.9927826714127709
      }
    }
  }
}