{
  "low": {
    "LSTM-C": {
      "n": 14094,
      "mae": 0.00711735337972641,
      "rmse": 0.01771404119437973,
      "mape": 7.106821060180664,
      "r2": 0.9747064709663391
    },
    "LSTM-D": {
      "n": 14094,
      "mae": 0.008415402844548225,
      "rmse": 0.03514247862980338,
      "mape": 5.245075225830078,
      "r2": 0.9004504680633545
    }
  },
  "mid": {
    "LSTM-C": {
      "n": 8668,
      "mae": 0.11828024685382843,
      "rmse": 0.4992725922349074,
      "mape": 6.477432727813721,
      "r2": 0.9976110458374023
    },
    "LSTM-D": {
      "n": 8668,
      "mae": 0.10702535510063171,
      "rmse": 0.48789718782334185,
      "mape": 6.058191299438477,
      "r2": 0.9977186918258667
    }
  },
  "high": {
    "LSTM-C": {
      "n": 3126,
      "mae": 18.13977813720703,
      "rmse": 38.11794888689251,
      "mape": 5.031164169311523,
      "r2": 0.9751218557357788
    },
    "LSTM-D": {
      "n": 3126,
      "mae": 19.185903549194336,
      "rmse": 39.43690570075193,
      "mape": 5.663952350616455,
      "r2": 0.973370373249054
    }
  },
  "ALL": {
    "LSTM-C": {
      "n": 25888,
      "mae": 2.233872890472412,
      "rmse": 13.248851798348767,
      "mape": 6.645447731018066,
      "r2": 0.9890896677970886
    },
    "LSTM-D": {
      "n": 25888,
      "mae": 2.3571321964263916,
      "rmse": 13.706954994978826,
      "mape": 5.567907810211182,
      "r2": 0.9883221387863159
    }
  }
}