{
  "selection_split": "val",
  "horizon_steps": 7,
  "primary_metric": "mae",
  "tiebreaker": "rmse",
  "route": {
    "low": "LSTM-C",
    "mid": "LSTM-D",
    "high": "LSTM-D"
  },
  "group_results": {
    "low": {
      "LSTM-C": {
        "n": 18954,
        "mae": 0.006220341481850114,
        "rmse": 0.012772863912302467,
        "mape": 6.168842266152528,
        "r2": 0.985215620681645
      },
      "LSTM-D": {
        "n": 18954,
        "mae": 0.007011663894555727,
        "rmse": 0.02736515223756449,
        "mape": 3.7736980047196154,
        "r2": 0.9321386861621939
      }
    },
    "mid": {
      "LSTM-C": {
        "n": 11395,
        "mae": 0.11039083654399424,
        "rmse": 0.4916021090094827,
        "mape": 6.622899297286991,
        "r2": 0.9978161826491414
      },
      "LSTM-D": {
        "n": 11395,
        "mae": 0.10891233870745907,
        "rmse": 0.4754206150540081,
        "mape": 5.64859901180267,
        "r2": 0.9979575809310506
      }
    },
    "high": {
      "LSTM-C": {
        "n": 4266,
        "mae": 18.670935145720783,
        "rmse": 37.38962011198963,
        "mape": 5.122051605090087,
        "r2": 0.9747341229028487
      },
      "LSTM-D": {
        "n": 4266,
        "mae": 16.624073069111805,
        "rmse": 30.585352407815414,
        "mape": 4.920857049859053,
        "r2": 0.9830932842236826
      }
    },
    "ALL": {
      "LSTM-C": {
        "n": 34615,
        "mae": 2.3407775030047855,
        "rmse": 13.128940197388603,
        "mape": 6.189306542035377,
        "r2": 0.9892153867646676
      },
      "LSTM-D": {
        "n": 34615,
        "mae": 2.0884660086627145,
        "rmse": 10.740700776534243,
        "mape": 4.53227889341747,
        "r2": 0.9927821064930542
      }
    }
  }
}